,A,B,C,D
2000-01-01,0.20421813805914404,-0.31390404132276145,-1.9313186895734236,-1.8498846636783342
2000-01-02,1.1646555409977664,-1.1888115266275603,-2.4602094981424236,-2.6381391956919265
2000-01-03,0.8648194315500046,-0.8946788818174947,-3.9219888990307714,-4.420981045126574
2000-01-04,0.9874596010860919,0.4405347753649045,-4.758589092774372,-5.5932447384886155
2000-01-05,-1.7695775325954104,0.10591099434495338,-1.113445483900601,-4.807857270808835
2000-01-06,-1.9134932309101538,-0.3462489144665671,-0.19237293805870104,-3.655576659535328
2000-01-07,-1.945294059793154,0.1712215627940809,-0.4636888046741906,-4.572533229869643
2000-01-08,-1.75043682957759,0.9038646036642493,-1.4241715285605414,-4.3018919201003225
2000-01-09,-0.5484267437009369,-0.2369037314532172,-0.8983695345279266,-7.012910628285244
2000-01-10,0.10440816474361825,-1.753150791121822,-1.978395406643943,-6.617013811558513
2000-01-11,-0.21201967638623237,-1.4381409808993793,-1.2634742631778288,-5.44753992514113
2000-01-12,2.1914381584459686,-0.4972595726792872,-1.1860369227322707,-5.8624256340162075
2000-01-13,1.2417461597296624,-1.000429002832899,-0.9806504976898133,-4.136031725461535
2000-01-14,2.7790213635777548,-0.6635572341317328,-1.9416374280721265,-2.6109961580282484
2000-01-15,2.113608468897895,1.7521314737999802,-1.9652156498401752,-3.3640983790201364
2000-01-16,2.3844478803791294,1.970760893255671,-0.7088115348283737,-2.775160267869176
2000-01-17,1.521310544953859,1.1059056191586327,-0.31444747568200637,-0.4541779669924346
2000-01-18,3.257449097528168,0.12154558200855159,0.549522573320703,-1.7522414896030383
2000-01-19,4.584891904059891,0.5730198613069959,0.29003818415867233,-3.5899833303543596
2000-01-20,4.669189395232533,0.4263525513887656,2.1723868442634915,-3.100633889045906
2000-01-21,5.137238033759498,-1.106989751169636,3.4310971717188288,-2.9914431489663156
2000-01-22,6.28207410293033,-0.5799474007657354,2.7645042839399006,-1.6700244398720996
2000-01-23,5.695684280440596,0.79421098999879,2.3869043671052723,-2.2573465956258554
2000-01-24,5.286640846118335,0.8428701789541888,2.9295594193802312,-2.600339566134521
2000-01-25,4.372451802943386,2.65176559259827,2.517293427469604,-1.8477490677967816
2000-01-26,6.0018252914210475,3.8631993022014646,2.3036474176795987,-2.539849227669113
2000-01-27,5.320978560161915,3.546209855871897,0.25391000592845536,-3.225039197533472
2000-01-28,4.132189227861023,3.4837082251262865,-0.735082959734509,-2.851464935661361
2000-01-29,4.090223779468523,3.750830708494526,-1.1882341805092487,-2.8951151700805196
2000-01-30,5.386234352523315,2.796354938671104,-1.0247093834492595,-3.1700373320333526
2000-01-31,5.503546958467921,4.653801093658967,-2.587850947818075,-2.5836752919623343
2000-02-01,5.806519502500175,4.456966597210037,-2.260234518191221,-2.462210036812918
2000-02-02,5.3823985479872,4.188325544706081,-2.5266319756392535,-1.4661877788019533
2000-02-03,7.0531541592466445,5.845472827184838,-1.3896966295077362,-1.3019046948888007
2000-02-04,8.07904904780664,4.007077802408669,-0.008370695902742753,-0.007115956965678016
2000-02-05,8.341366422586443,2.163020636993916,0.2705840914214017,-0.3838228835754557
2000-02-06,10.317862876858237,3.136365779618515,-0.31269432415778875,0.056384690494416634
2000-02-07,11.241722912887253,3.457186781927695,0.7976659698490897,-0.4168722203360534
2000-02-08,11.338436222151778,3.1030394053916366,0.3070429906062215,-0.3706642471673385
2000-02-09,9.533906908997924,1.1082774690319168,0.3322908248074075,-1.3038389369425263
2000-02-10,8.533135163559706,1.413702077336774,0.5218545974542095,-0.996289585133477
2000-02-11,7.5188211720395675,1.604345698166433,0.14968256946293257,-0.40056533107375236
2000-02-12,8.160962073767658,2.0240944907672533,-0.21464215406938425,-1.5691162952371185
2000-02-13,7.458235646733758,0.9360150006973131,-1.1315784897760675,-0.7825168852914178
2000-02-14,9.611819794970186,2.779152386070292,-0.8468304634282857,-1.910150467548121
2000-02-15,9.039103391306712,2.794787379587345,-0.280552229243323,1.0923929004740138
2000-02-16,9.658739322543926,0.9812944257317995,0.019536620841038965,1.1004353826341464
2000-02-17,11.321950049845995,2.1850281964106877,-0.05606151847691811,2.5479787400179186
2000-02-18,13.079635601861671,2.6620540800274615,-0.8502074644714647,2.524787578696562
2000-02-19,13.577929406149966,2.3491155142182607,-0.27687394750120065,0.7111562403300811
2000-02-20,14.730293512668391,2.6792690974290014,0.4080685229536827,0.5727421816234317
2000-02-21,14.784977181663956,1.6678183790426175,0.3691263952555557,1.6256971625274392
2000-02-22,15.501473778973006,1.609296790326778,0.18387512154999963,1.1585657844789012
2000-02-23,15.619404128832384,1.597063073835602,0.5134013947756615,1.2762361893932344
2000-02-24,16.42098242285392,3.3652444002895905,-0.8332631264682406,0.7742943567674686
2000-02-25,17.505609145056663,2.670495504924021,-0.6726978803985146,0.4019966652472429
2000-02-26,16.160202009094238,2.675788908571193,-0.42334166970549014,1.410088942867439
2000-02-27,17.139772691745403,2.226063792410515,-0.9764038834229062,1.6837055179063687
2000-02-28,16.54032981102678,1.606165232821147,-1.0187019240863524,2.306947123200034
2000-02-29,16.700794232425835,2.8181186543916636,-1.5136241081114519,1.9725980569553252
2000-03-01,16.76701859928736,2.7634340437405194,-0.8413790047081555,1.064395335124754
2000-03-02,17.71819729800789,1.3406424466843498,-1.843112391252706,1.3099413774894022
2000-03-03,17.601367181288165,0.8503917819816227,-1.2122530330990064,2.120980164042548
2000-03-04,17.435967561096007,1.6374642297324118,-0.5415795769965298,3.2621784274528105
2000-03-05,17.771659644324973,1.8883627958528928,-0.9495382320723633,2.969662502987976
2000-03-06,19.845337935163528,0.9643656670648274,-1.678885923572329,3.4735465316034646
2000-03-07,20.20373842954257,1.118630095356972,-0.9935180900589803,1.9119311873082843
2000-03-08,19.13259048953702,-0.04269994859184423,-1.2721989551192419,2.2066545956073034
2000-03-09,18.245542686558476,-0.3316544512677979,-0.3838634999496614,2.601839035616665
2000-03-10,19.158169282820698,0.4901081216004288,0.4252806416773587,5.116540153265711
2000-03-11,19.982499689136137,0.04918462052920963,-0.6485098374386984,5.034900595467605
2000-03-12,20.468803599129892,-1.0960019766483677,-0.6643586684301254,4.911828125798467
2000-03-13,20.785651603494685,-0.09418791194898968,0.11108968006903763,4.089981931529083
2000-03-14,20.311921627757542,-1.075893425384915,-0.6447499573014172,4.715388486391085
2000-03-15,19.6659817730058,-1.2560178960099586,-1.3207298673171008,6.083852159882477
2000-03-16,19.83612534091028,-0.553208931156534,-1.2763508931821381,5.506367426561533
2000-03-17,19.097981077735444,-0.7002641351555976,0.16472477033328703,6.564172404869614
2000-03-18,19.842321996023347,-1.1618070428099765,0.21517836356045317,5.7317020665266725
2000-03-19,18.127621812584586,-1.887744200641507,3.0342716478238403,5.887406931470357
2000-03-20,18.4904011334023,-2.074424744255546,5.0107805574195,5.321473452768499
2000-03-21,21.39874378676251,-2.5413042796120298,4.592773270593686,5.3805342156661435
2000-03-22,21.223634177126424,-2.107712496156296,4.601636587118016,3.913951243499543
2000-03-23,20.224756157273987,-1.8586770034685187,1.9749710654245698,5.678259399444759
2000-03-24,18.448496193509573,-1.136465876488586,1.3121066834393162,5.278351897957705
2000-03-25,17.93506431105361,-3.2161330710289926,2.2421624619970926,4.98483513608989
2000-03-26,18.135973157093353,-2.23910369731246,4.070268324652138,5.939249620152056
2000-03-27,18.485818134641672,-2.25793041964959,3.5848522910727474,7.365280167032939
2000-03-28,18.439716092140046,-1.2359658892408751,2.5342928284679562,8.320917199386685
2000-03-29,18.24075822041156,-0.9351658559251036,3.3537187163072195,8.166544305459668
2000-03-30,19.517419317067237,-2.016169320614726,4.43995831387933,7.111109923305017
2000-03-31,19.29039531297347,-3.3004474169582823,5.287246044724913,7.5209504831180745
2000-04-01,17.971914152619696,-3.667789583047387,4.069951869116506,7.94656420517867
2000-04-02,19.130192208948667,-5.5543799344047855,3.5659107834083077,9.366966619122255
2000-04-03,19.404532459717153,-6.216203170838321,2.2848219826124057,8.728298511166374
2000-04-04,19.913720527720354,-6.642289399485376,2.4145618109735545,9.720612148492535
2000-04-05,20.775621867325725,-7.615866168872626,1.502146426143151,8.252762097223432
2000-04-06,21.040104618876025,-8.32892827522509,1.0781059208476704,9.00157761339421
2000-04-07,21.281860263462615,-7.152449224363848,0.6621679694641616,10.008423084162345
2000-04-08,21.600346823419063,-6.931489900299154,0.6854436372182114,9.290858405635925
2000-04-09,20.54298723642797,-7.790967153125707,0.2609171022206286,9.007840599113786
2000-04-10,19.723828831221795,-7.199923064916238,-1.0996353149680802,8.53717654133719
2000-04-11,19.91484233211532,-7.433856836962846,-0.6747315869037691,8.882750800220993
2000-04-12,19.802955088131952,-7.361812731165416,-1.6724262569909674,9.494160468814657
2000-04-13,19.861109922335793,-6.827546183226759,-1.8264443521720346,9.768126267489754
2000-04-14,20.525140660838204,-6.852958423172769,-3.0480601578071913,8.024525966674357
2000-04-15,20.152205902802837,-7.340571722320244,-2.963771054751701,9.414762958007763
2000-04-16,20.55393361660866,-6.757546960667678,-3.5604988619854705,8.027506118339334
2000-04-17,20.647380742709206,-8.437697114284683,-3.6596843396187166,9.151549550509227
2000-04-18,19.170844841783055,-7.9844435354517245,-3.6394749240972697,8.80621298103441
2000-04-19,19.67568349100972,-8.965830302113904,-4.039149834217695,9.951935010088942
2000-04-20,20.039454157818273,-9.568853064720871,-4.6687256509997646,9.487223436582868
2000-04-21,20.034639077017225,-11.385046109865945,-5.222723052864051,7.3413447037898765
2000-04-22,19.946641260826606,-12.194905292190224,-5.2448673793613665,7.316583940399512
2000-04-23,20.03560382539208,-14.373475707565754,-5.443526045526233,7.7117728045265475
2000-04-24,18.84224878311733,-13.77240574969925,-4.913620196222141,7.887121064919129
2000-04-25,18.38865398238254,-12.951059034243645,-3.5613681736510747,9.087169240421499
2000-04-26,18.669353049246446,-12.431943449674655,-2.7473159676508017,10.010099961881089
2000-04-27,18.806587292420552,-13.571346970181448,-2.8621686759147664,9.67842358070245
2000-04-28,18.94375241751662,-12.685319814470953,-3.918932741320912,9.127946993947296
2000-04-29,17.316297895211683,-11.706932737718846,-4.742023758974318,7.961917320004144
2000-04-30,17.060498780830443,-12.291746860217144,-6.345665259365682,7.496784040893158
2000-05-01,16.849057254414387,-13.21345405379133,-4.350901135295007,8.88908769425882
2000-05-02,16.702016924931787,-13.039146331068284,-3.5291139981427784,9.44638055577123
2000-05-03,16.625132315977904,-13.575028797797122,-1.877808848416978,11.806679573766358
2000-05-04,15.578702923106814,-13.139721053897603,-0.9463115549151977,11.934085532964676
2000-05-05,15.51800414191236,-15.21140682442548,0.863486652341743,11.500925524094667
2000-05-06,15.196086122844632,-14.950641964846165,3.0206078903042144,11.670731028078308
2000-05-07,15.605733577655556,-13.873765448644916,3.1558057970067197,12.797080684152867
2000-05-08,13.959894111523122,-13.552336836397851,2.025776456429539,13.518078000908185
2000-05-09,14.51990221714845,-14.266625245148857,2.7901709187487125,15.848474233601607
2000-05-10,14.003369600796233,-13.4072068737083,3.165264906461596,14.58908971096864
2000-05-11,13.425360133324796,-13.426659312024277,4.222921735075995,12.802133584564556
2000-05-12,14.022381971634465,-14.079997156400823,3.37687143665012,14.644029280192159
2000-05-13,12.667207047792834,-13.555689099357124,1.6896782841903828,16.102371290323326
2000-05-14,14.113926323258703,-12.229190577101786,1.2132190785922852,16.57781708787661
2000-05-15,13.530224287689842,-12.680764046397107,-2.1466777895196785,18.025125765705155
2000-05-16,13.431728154330067,-14.119007336298933,-4.214426653617757,19.55315531662866
2000-05-17,11.901356933462232,-13.676407941870638,-5.025046153869436,20.117384167270128
2000-05-18,11.279760054383193,-13.908439642793953,-4.70669492093403,20.696913578483404
2000-05-19,10.345457443079905,-13.265845985854446,-5.523135017541032,20.62238947579443
2000-05-20,10.93690032230172,-14.555663703240699,-4.972005292339583,22.311661738456742
2000-05-21,10.825087014362548,-15.385391413789932,-4.305576416178656,24.183989260425975
2000-05-22,11.780508166759276,-14.387098480749973,-3.3242064070257333,25.166166452684273
2000-05-23,10.931869088286799,-16.393876327595777,-3.005421357750085,23.800525275566923
2000-05-24,10.926752263259035,-17.643215733584498,-3.0420836471063066,24.490401170432996
2000-05-25,11.414713752592258,-18.131727846625672,-5.135929767418487,23.87793227199079
2000-05-26,11.348051787327545,-18.633630386317407,-5.477973074739314,23.99262927654652
2000-05-27,11.766668804953765,-20.558195418829108,-5.486716528699957,24.2498850123983
2000-05-28,10.95933994501901,-19.278200846448605,-5.772197694115022,24.597912800407038
2000-05-29,12.2418187414038,-18.685153860317786,-5.732596266952385,25.806037036976253
2000-05-30,11.013468024461128,-18.023792235249473,-6.939693566742546,25.839696165219795
2000-05-31,12.44872439588834,-16.31755533816822,-7.658299377254731,27.62605261800608
2000-06-01,11.687626834364394,-17.408658865268077,-7.992083894690202,28.26458209066563
2000-06-02,10.879906212271605,-16.793873564489957,-7.456992014280799,28.346361131970628
2000-06-03,9.866050997599707,-15.950541699537292,-5.080041258025063,28.166403657766942
2000-06-04,10.260020564662334,-15.568531594120623,-6.606849238813246,28.84573731104613
2000-06-05,8.81993819306285,-13.84215120536382,-6.819920728653508,28.666404871743794
2000-06-06,8.689967067196115,-13.408810135863774,-6.522265501275422,28.722810648848284
2000-06-07,10.386761901996316,-16.563424981390664,-7.826505981270928,28.94647677397175
2000-06-08,12.017908749611205,-15.905335892069665,-8.489445096046518,29.44531199672467
2000-06-09,12.441209833530975,-15.14776912911319,-6.93404525151348,28.500250252922058
2000-06-10,12.06367135280309,-15.482123791959319,-7.675975174322681,27.12414512871107
2000-06-11,11.530470300389208,-15.400648589215209,-9.162469952352113,28.53264519027733
2000-06-12,11.964110561249138,-15.040667212253947,-9.971918771152719,28.439155021685995
2000-06-13,13.185953329833437,-14.784941073684056,-8.905080172631518,29.03155014429758
2000-06-14,14.224029834793647,-15.655151458629149,-6.8165688389469885,29.908212158536784
2000-06-15,13.717364327566422,-15.228205534293462,-7.533745438846521,31.954070403945668
2000-06-16,13.310637488517392,-15.790781699040572,-5.4886971139022,32.71253042253311
2000-06-17,15.619781716776513,-14.8623391242584,-4.887217935241824,32.4985326026232
2000-06-18,16.45495607835734,-15.505140254008376,-4.435348015142828,33.56807029008959
2000-06-19,15.985624477538066,-15.235924837314878,-4.200599441085841,33.5851434303899
2000-06-20,15.905241004071309,-16.488425939173055,-5.42621421546899,33.96535870139106
2000-06-21,14.828558969921861,-15.154507858090957,-4.207438440526175,32.27546468043417
2000-06-22,14.50034418458041,-13.924659017051884,-4.970897273057256,31.42305127821143
2000-06-23,16.859036924318282,-13.45529601527621,-4.866804879112092,32.74761377046259
2000-06-24,16.899114850353744,-13.15922295746799,-5.750279006983094,33.408514873953905
2000-06-25,17.6205566920125,-13.568717262409713,-5.6949375036265355,34.0678408101424
2000-06-26,17.59154106932468,-13.86616383746133,-5.484818709061586,33.79139791231664
2000-06-27,18.412565653885633,-13.33768497756782,-4.750299926722038,34.15018359966693
2000-06-28,19.006332352617804,-13.78915621054057,-5.209689774708636,35.456297684325044
2000-06-29,19.182002829272015,-13.948014629637552,-4.48188589723981,34.36557419332433
2000-06-30,19.359447235308078,-14.756497705859385,-4.9893715872123,33.64867129291304
2000-07-01,19.32426748900676,-14.648305636248445,-3.854231318969558,33.58123601630568
2000-07-02,21.64832636100529,-15.93914976864154,-3.8913158873016345,33.272816418857765
2000-07-03,24.696061343073932,-14.799298149848148,-3.64032826201838,34.51010015680487
2000-07-04,26.181349997501776,-13.842084674228694,-3.6754852675550644,33.65926538524495
2000-07-05,24.46985411375518,-14.020908832818005,-2.0398895521295604,34.57081708181736
2000-07-06,25.6680030866484,-15.420977046029101,-2.5963900210742077,33.86472660912444
2000-07-07,26.115123775697782,-14.550146947082382,-2.9474998948145927,33.73043374167823
2000-07-08,26.63545914764957,-14.56608256267664,-1.6503322764800288,34.00086151933606
2000-07-09,27.951599758678128,-14.25617987391939,-2.5837557408335408,34.5495126997051
2000-07-10,27.821127045442896,-15.403793289723238,-1.8173019035774782,33.44315335843272
2000-07-11,27.070367607906803,-15.916747223721476,-1.714919556855008,31.86981628636535
2000-07-12,27.050458235996395,-17.06653260323812,-0.6863442739189898,32.82923004457136
2000-07-13,27.53484772718178,-17.30423342692949,-2.0902937715408028,32.16023405938369
2000-07-14,27.875180166060645,-19.06626236785284,-1.047374165972049,32.895865202894115
2000-07-15,27.391253934362954,-20.532005138892217,-3.3545425210726867,31.805860446808754
2000-07-16,25.93995511586309,-21.000023210095662,-3.7614729060146597,30.960810588807462
2000-07-17,25.7510960788047,-22.07542237129772,-3.3968599235987282,30.67608347931366
2000-07-18,25.515571708940936,-22.820898402037162,-5.7899168491599955,30.322005367574558
2000-07-19,24.11284854147349,-22.15884801977415,-5.011072925272099,31.020432301363737
2000-07-20,23.779560597511505,-22.519977270432754,-4.999416660899713,29.919659073298046
2000-07-21,24.229752869080926,-23.24770307303721,-6.3288006983991245,29.370753797578423
2000-07-22,23.75494680977529,-23.061783764705922,-6.728546204883536,28.966734272459867
2000-07-23,23.070117126980882,-22.192458355825064,-9.369034122205319,29.849693665596202
2000-07-24,25.302900446059702,-22.296078231585657,-8.245147057839185,30.085919308341353
2000-07-25,26.261051083292667,-21.296426722433537,-7.202695889512323,30.618618860424707
2000-07-26,26.302065425902928,-21.690967016673994,-6.696047926564314,29.479066014326587
2000-07-27,26.61281314701941,-23.25412756499845,-5.906971643301609,28.57799393433528
2000-07-28,27.625799281998454,-24.34671666850518,-5.557657798349391,29.18315058548963
2000-07-29,27.084926100472895,-23.861979402416953,-5.756566969056494,28.689522836494934
2000-07-30,27.021044585030726,-24.266218749425686,-7.368655106355481,28.77090774900125
2000-07-31,27.934192698256062,-25.082354267279367,-6.733033459033387,30.196817406565913
2000-08-01,27.60065313499435,-25.273864660419502,-6.388498732635222,30.881686737350687
2000-08-02,25.981483936411152,-23.64091195321777,-4.836717007976894,31.103544366041664
2000-08-03,26.470457473439865,-23.94794018519945,-3.6748521600169264,32.04305311415135
2000-08-04,25.938829108773763,-25.267503017936622,-4.813414404941492,32.2564852564596
2000-08-05,26.215641785656235,-23.91024218055544,-5.274079103160873,34.87775890875218
2000-08-06,25.585329344982476,-23.909006671097497,-7.322060264949818,34.42861250304111
2000-08-07,27.36703130441453,-24.59850088559524,-9.038065555300163,34.58120797659987
2000-08-08,28.425618147590757,-25.664594123331298,-8.420506099999239,35.725521344089984
2000-08-09,28.376425047533264,-25.24109957844793,-9.190929278298697,34.78929069792435
2000-08-10,28.926964068132325,-26.36401142635645,-9.57673643520754,34.144356019619124
2000-08-11,27.444238098779827,-26.110509481295324,-8.918083843152852,35.4296431899158
2000-08-12,26.410001336959414,-24.756678698605473,-9.213060601298606,36.278763202875645
2000-08-13,26.238200962242562,-24.147905108982034,-8.523125692972943,36.26223325401267
2000-08-14,26.68274242127959,-24.73318651410169,-7.538840206798181,34.92260186957932
2000-08-15,25.36432992686789,-24.93334976998854,-7.068901625282267,35.2867451325811
2000-08-16,26.53596174754712,-22.595536811158805,-5.612654795563159,34.38947917601279
2000-08-17,26.574318650636688,-23.66743163461309,-6.185763467924508,33.6550119629915
2000-08-18,26.673281418820014,-24.671272703484775,-7.134806471973824,32.34971951228283
2000-08-19,26.464686860689802,-24.53035206673244,-9.941216416457301,33.70439598219944
2000-08-20,25.545996478035132,-23.54453984633983,-9.489854237861302,31.538284284970576
2000-08-21,24.56854892210628,-23.184518988069765,-8.345105486711038,31.853057278387862
2000-08-22,25.458969724403403,-22.1590953132934,-7.494525910484008,31.128803251493753
2000-08-23,24.903187975087643,-21.826999548145704,-9.198344290134282,30.480139297850993
2000-08-24,23.006057926472053,-20.853816505683238,-8.117505668713575,30.5980022197052
2000-08-25,21.72930507687924,-22.05583916574664,-7.896422048600671,31.122633338935618
2000-08-26,21.60613704793062,-21.115115277814574,-8.91311009802666,32.11813880160876
2000-08-27,22.06288407826854,-21.52132908265067,-8.295340312078828,33.25938441701214
2000-08-28,23.400866718862204,-21.504588011632126,-9.134909866355084,32.184909554013004
2000-08-29,23.63657525566231,-21.06935081731463,-8.21773040311548,33.749143743692464
2000-08-30,23.538796108838024,-20.89545998764608,-8.28358726085048,35.25054591478002
2000-08-31,24.9531240270422,-19.387557462065946,-9.053747666144831,36.41906219775852
2000-09-01,25.562492987859578,-18.038530311507756,-8.520266259045142,36.12771487009082
2000-09-02,25.289368015603554,-16.502791665690655,-9.044743628437118,35.72192967284413
2000-09-03,24.61070344520973,-15.205260411962033,-7.728629904319632,34.78454088946408
2000-09-04,25.492925774652516,-15.07595675844675,-7.111575415019295,35.636931826730745
2000-09-05,26.64175233273829,-13.851661184647744,-7.6754463058530025,36.117375270332836
2000-09-06,27.452748456792374,-14.977032109874342,-8.598390439016654,38.230963871877606
2000-09-07,27.185347707385738,-13.605490404244078,-7.790914837292508,37.7537788930774
2000-09-08,26.909455928915197,-14.607045664168735,-8.064954998490439,37.78567249051277
2000-09-09,26.916097207407574,-13.653840874937115,-7.830591794853082,39.02684224532643
2000-09-10,25.42231578597273,-13.313821361005925,-8.492005610049628,39.48703210143086
2000-09-11,25.441702540716538,-15.819470501583066,-8.855406297074317,39.56423709368261
2000-09-12,24.74332191032886,-15.950604815256849,-8.520312505377705,38.93289453525351
2000-09-13,23.309757738792324,-15.437199822561677,-9.49363209580401,38.62435363657342
2000-09-14,22.55297749286606,-16.542320139390984,-9.573603848254812,39.49073596374099
2000-09-15,22.53545944964239,-16.456580559550925,-10.191373746151083,39.10762261455206
2000-09-16,20.503457613800773,-15.700279637785478,-10.062684238622493,38.48484783917816
2000-09-17,21.507444448100106,-14.978744793487689,-10.172248617795093,40.850901620899435
2000-09-18,19.38501540403284,-14.90360340346384,-10.822124465537758,41.380807739698994
2000-09-19,18.890912855794944,-15.122044069479191,-9.43518481572862,42.661440756211576
2000-09-20,17.886325048909253,-14.156051807198631,-10.591351037083395,42.750385769623385
2000-09-21,18.594950683164804,-12.146637538015264,-10.396311024861213,45.10302023284337
2000-09-22,19.177232990485418,-13.85903075209041,-11.107377801552355,45.97714280601889
2000-09-23,19.297748586161564,-14.538551875715289,-10.897010958035844,46.3123691871933
2000-09-24,20.386823992107782,-14.246842451882918,-9.885017349969212,45.69575242972373
2000-09-25,20.57702656261449,-14.501533679926771,-7.976664791088832,45.03665872579809
2000-09-26,21.880773127756502,-15.871970908521257,-10.226742605157751,47.354213007444585
2000-09-27,22.612577551967107,-15.671419377971507,-10.057377442254609,46.87289549726453
2000-09-28,22.158030402352967,-14.80935722678302,-9.183085492285235,47.64963113118374
2000-09-29,22.359016386299928,-12.330870601702538,-11.676742709374137,47.68464286169345
2000-09-30,20.86204237459166,-12.912124773699272,-13.024925422233787,48.02982408085773
2000-10-01,20.890133206872537,-13.315225756929912,-11.74908109000753,48.21421917671186
2000-10-02,19.860804162144326,-11.715024001648743,-11.703844536248065,47.41404741057421
2000-10-03,19.384349390122594,-12.16060477790206,-11.283265204389068,47.01119238979195
2000-10-04,19.910088469591877,-11.937745331035952,-11.40846301462182,47.72297502839153
2000-10-05,19.24856781015385,-11.067347296272112,-9.688264265022617,47.19098419122483
2000-10-06,17.096747261866614,-11.57064138511126,-8.822512372694945,47.65743615928742
2000-10-07,18.480275261650508,-11.706951325899226,-7.915868201620054,47.8315290727537
2000-10-08,19.211800900392138,-11.186203398326693,-6.169620836382229,47.551950312126905
2000-10-09,17.903047133020802,-10.299759465159326,-5.324968634766742,46.74191947836944
2000-10-10,17.74216466888001,-8.571590192070296,-3.792229541838789,46.02578094318823
2000-10-11,18.087935079427872,-9.375577282811612,-3.887724230728701,45.536155137222885
2000-10-12,19.32034288253437,-11.049815634712193,-4.016770759685075,45.04827434774775
2000-10-13,20.991108372447318,-10.714489144957428,-5.269572340750081,43.45734370872066
2000-10-14,21.184265630154105,-9.306479348793788,-5.8179958801159515,44.06922299118415
2000-10-15,22.067803303253726,-8.988632122722604,-8.431419553066005,43.85329553055847
2000-10-16,21.92185911818975,-8.781004950637486,-8.09972766605018,44.894376758749374
2000-10-17,21.74788142204901,-8.33866001996272,-6.22089633611665,45.00142148075416
2000-10-18,22.18626660066668,-6.987111073724742,-6.783475134195638,43.159425797863605
2000-10-19,22.340823950802573,-5.964806275270908,-7.142042486786837,43.76857702860451
2000-10-20,22.60897154143976,-7.04287242474397,-5.828266108897463,43.55218112683679
2000-10-21,23.395220905017204,-6.796319513779951,-6.836672270059577,43.23127293939696
2000-10-22,22.71508519670715,-6.0058071549368925,-8.27899846931103,42.94250025046245
2000-10-23,20.817081431759586,-6.947736628429988,-8.96599116491371,42.24162981697789
2000-10-24,20.927247764102077,-6.007685781790475,-9.317087150691128,40.99617098645797
2000-10-25,20.14610381926417,-5.206138248767234,-7.536871031992993,39.09389405309537
2000-10-26,21.327586587988144,-5.342035946298701,-6.7767898359768814,38.72332766895567
2000-10-27,22.29343224632595,-6.116282351343553,-6.463343419578746,38.94663982190963
2000-10-28,20.71298034253697,-6.5300001864528605,-5.488379173292174,39.06541867526721
2000-10-29,21.968882411643236,-8.056153752475005,-6.371702479224519,40.03291062896488
2000-10-30,22.507010829924944,-6.9015477596936785,-4.435186792878891,41.11152654180511
2000-10-31,23.02262062506546,-6.465648574890603,-6.69099666712111,41.59683292295463
2000-11-01,23.372785708810195,-7.499934199033446,-6.414560683757616,41.21361736219315
2000-11-02,23.599539310624074,-6.7854407399668,-7.150172718685056,41.92507587879672
2000-11-03,23.05948243666644,-4.960049033391071,-9.326266936203663,41.786044371705124
2000-11-04,23.112818375387214,-3.944569446783052,-9.62956088390302,40.911357925440946
2000-11-05,22.09282473708613,-4.211810844407514,-9.216541968390288,40.190664513041206
2000-11-06,21.59909479189328,-5.345620052122575,-9.368919970917679,40.4291544597159
2000-11-07,21.353569407968884,-5.234810497465155,-7.825321968781746,40.28486269888352
2000-11-08,22.257348309094954,-5.424918421949924,-6.855798718284944,40.9452244369784
2000-11-09,22.382477398845523,-5.477432551485221,-6.61382210501151,41.71797960676325
2000-11-10,20.37372317934338,-3.516080039514475,-7.314148491835659,41.12501605932082
2000-11-11,21.76306138194424,-4.713174239539331,-7.208754535841505,40.60255293072851
2000-11-12,21.105665135874403,-4.1146423677685595,-6.770150364730938,40.31400676848825
2000-11-13,22.680313673100756,-4.663251455990085,-8.286017230157878,42.19854233732716
2000-11-14,22.86520582223245,-4.141993138875154,-9.568611663879816,41.7989235500131
2000-11-15,24.512464702341756,-2.647920819709009,-10.087392381430396,43.27560025702305
2000-11-16,23.400670896889633,-2.8624696035642057,-8.918685613476038,43.837812400583026
2000-11-17,24.187263532924344,-2.8421310416130043,-9.007287493382464,45.125214715514296
2000-11-18,24.515174255831024,-3.377147929977509,-8.499927029549838,44.32135146523291
2000-11-19,24.601940528196074,-3.758436259796459,-8.67879831230372,43.303470391692514
2000-11-20,24.613351449400668,-2.9740921144522714,-8.69526015407793,43.059196777090705
2000-11-21,24.435217441435135,-3.24966330158764,-5.916769811945415,42.87276467463582
2000-11-22,25.063202111432098,-5.622122415528438,-5.251225903965024,44.83507268318826
2000-11-23,24.266195170873146,-6.086046117510706,-6.617504006927247,43.66543478662446
2000-11-24,24.40926543877513,-8.101621800696305,-5.661480722835144,43.5841433454626
2000-11-25,24.044534652814324,-9.022746895832864,-7.259005541398685,42.369966799283425
2000-11-26,23.966946610782557,-9.849550086434247,-5.996055536878807,41.904123117355574
2000-11-27,23.242291926712966,-10.798607528322677,-5.507386135724345,42.035635196736564
2000-11-28,23.192998277347975,-10.241555269581223,-5.209118340766157,40.82216778515488
2000-11-29,23.79635077509689,-10.285588735927577,-4.114671666405783,42.51379524196865
2000-11-30,24.688819789998853,-11.772418786210492,-2.905765693127712,42.43437255854881
2000-12-01,22.65279119355797,-11.600046017549538,-4.104687001826498,42.97835928212947
2000-12-02,22.778169459048904,-11.589883303447515,-4.84507360363842,43.37913163876942
2000-12-03,22.142058828591363,-12.742498491731347,-2.8146256445902735,42.9189277629106
2000-12-04,21.685577730443605,-11.723217275499573,-2.841076484143938,43.30833720351922
2000-12-05,22.246766843891386,-12.390618368008296,-1.6436289152611505,43.679978784349245
2000-12-06,21.560925332871925,-12.179150066152438,-0.687795027247922,43.28710516948919
2000-12-07,21.145798291025095,-12.097729851140661,0.1151176156484911,42.30384824165033
2000-12-08,20.009485367202025,-11.06407969590469,2.072746261439523,42.44933811718105
2000-12-09,18.09463954577052,-10.910483581650512,2.582472677064235,42.16466394602262
2000-12-10,18.116522084634724,-12.328801780982216,2.4250450428084447,40.79769152859146
2000-12-11,19.621845129463313,-12.17991209996664,-0.2383824740497662,40.34535200197606
2000-12-12,19.877859952515642,-13.289773199583122,-0.453719627700416,39.99776247989504
2000-12-13,18.94902912146634,-13.46308589506783,-1.097535548132775,38.640931867479395
2000-12-14,18.384466781204328,-13.431055325967584,0.09670420432188309,38.60241745098974
2000-12-15,19.572578881721682,-13.775675254214844,0.4852609132402557,38.609583432653345
2000-12-16,20.210474509734002,-12.057959272165627,2.5482820312524668,37.190932629816515
2000-12-17,21.222461291886155,-11.463210950786122,3.3579660949057724,38.04261907973511
2000-12-18,19.8306382430167,-12.417973865312128,4.4061052872345625,37.9383929488818
2000-12-19,19.9565296608835,-13.536668307146485,5.266504586635363,37.427844790785166
2000-12-20,19.905494098222174,-13.278292268332065,6.780029540862742,35.99563357830243
2000-12-21,20.271284012967502,-13.022970349994832,6.947173217322052,37.05483050662136
2000-12-22,19.957553368181372,-12.811856845209734,7.168975196466309,35.88233345393744
2000-12-23,21.88648964587653,-12.776234769738075,7.047704884337942,37.0402577891988
2000-12-24,23.422796823481487,-12.231296484366755,6.178334346998797,35.431864987677784
2000-12-25,23.850450897310136,-11.311766817551606,6.070300302786846,34.9425432040731
2000-12-26,22.429161890729873,-11.228587024515095,6.203282513178564,32.93871072629899
2000-12-27,22.37169204606991,-10.51507319156293,5.434108458356195,32.514666145501245
2000-12-28,20.779763877452528,-7.689398454026721,5.588612497176518,32.24587919430411
2000-12-29,21.080857021100908,-7.981154049801674,6.065705802921022,30.70786479930027
2000-12-30,21.335044157592367,-7.288815546726653,7.078835308134861,29.541774036700488
2000-12-31,20.599677583373303,-5.809808058934747,8.08558561615019,30.271043496760257
2001-01-01,21.03350622760186,-6.790439348730607,7.526195367743777,30.96047667495479
2001-01-02,22.011815392145692,-4.992426935807179,8.866475004776785,31.47831536726437
2001-01-03,21.73488852394569,-5.5281597476507445,8.718221363601558,29.574352026833818
2001-01-04,20.261931573611097,-5.519602888551044,9.1038774023131,29.679567509242926
2001-01-05,19.320503925146564,-5.265049343486741,8.140187070830377,29.074808499216534
2001-01-06,19.10792149747094,-5.545746888404583,7.63654136802705,29.481177467147116
2001-01-07,19.357855692856216,-5.17140510770995,8.454490903306052,28.615319712418252
2001-01-08,19.74686896419624,-5.360332235344842,6.765020242321475,26.435313849129212
2001-01-09,18.960026521515744,-5.918261431168452,6.55704511292871,26.07540318762378
2001-01-10,22.226890991922332,-6.921135502384378,7.6136986787564505,26.92176190125217
2001-01-11,22.11027836014672,-6.530904719453277,8.71462558668775,27.75784603168361
2001-01-12,22.186777700351637,-6.148658166943753,7.93472761231941,27.12663792066344
2001-01-13,20.62766836296572,-4.875474452321446,5.558641672648495,27.881098821241896
2001-01-14,20.327325463886513,-4.723914562488634,4.7017796606500495,28.305237323000423
2001-01-15,21.927068553341797,-4.9820380235141455,5.949827010943341,28.217516907915854
2001-01-16,22.219350263303813,-5.745553864784313,6.771533115911496,29.9058650670328
2001-01-17,22.09636917322638,-5.266518592600824,9.178839849788067,30.219275271042857
2001-01-18,21.750267298568,-2.7960138012240523,9.4471704347987,30.20303021033842
2001-01-19,20.291400308634007,-3.408684168002887,8.494552869495337,29.25013635765325
2001-01-20,21.660965100508385,-3.4999734106901013,8.832881542323793,30.094862385520347
2001-01-21,22.83706438235485,-2.5751254330456983,8.539058852122716,30.543061424627307
2001-01-22,25.755077458036048,-3.271471420874374,8.471811725092982,30.82067553181931
2001-01-23,25.872686085797568,-4.347122609458424,7.70346677287999,31.51872559970132
2001-01-24,26.751127472545495,-3.6737216556324417,6.783630100401959,31.15027764041763
2001-01-25,27.138769560825526,-2.703135466236712,8.293299897436265,33.51076218564366
2001-01-26,25.531634594622357,-2.742226495883699,7.669856293012459,33.34380793654433
2001-01-27,25.785305283515438,-3.6640381211661723,7.645481588297964,31.8389441143098
2001-01-28,25.359706412401163,-2.3817858265124006,9.265884007765775,31.27668995637953
2001-01-29,25.409974631938837,-3.131353049301625,8.09196868172119,30.305422500482184
2001-01-30,24.249681566090672,-2.5106821819274368,8.902910892531038,32.83034409133469
2001-01-31,24.876376276115316,-1.680183719111045,9.880094418789506,32.75895417559214
2001-02-01,23.746804838354294,-0.9813755733893514,8.13092591741428,31.929287389374874
2001-02-02,23.650579719204703,-2.287364205235696,8.60363681247653,30.834606414855568
2001-02-03,24.921509076595296,-3.017495373892515,8.480232663520137,29.543014022552367
2001-02-04,24.09238089716572,-1.2536382085821884,8.159412897994509,29.716523752204495
2001-02-05,23.997589652329673,-1.0815474883148652,7.936888910482738,31.05113464712467
2001-02-06,23.582310412199718,-1.3783181252497898,7.5246749626575555,30.378924503811643
2001-02-07,23.780820199580592,-1.5104867104006483,9.524667191319796,29.616617116203045
2001-02-08,25.501135180088717,-0.5246591204532592,8.699439885280816,29.972120338905864
2001-02-09,26.331580995291755,-0.7365946717248667,8.52742844054298,31.080882548287946
2001-02-10,26.69414668421511,0.4393615523431268,8.55881730907232,30.21326330332503
2001-02-11,27.38827886581459,0.6151040789913448,9.130875286905377,32.01718174833085
2001-02-12,27.255130604195266,0.5384827705099053,6.984986437970774,32.02278535683158
2001-02-13,29.360048761415197,0.4732938430348405,6.248663708881553,30.55971500562683
2001-02-14,30.804009816308486,-0.4051686268237636,6.678933704970316,32.160604055565194
2001-02-15,32.41752221335099,-0.19481072635281668,6.811780994482336,31.656502650872625
2001-02-16,32.95758004572534,0.6050167883463646,4.568779571304863,30.157343677780556
2001-02-17,33.7404394370497,1.6650320192412797,4.154965160654122,29.54350986244954
2001-02-18,32.29248873274819,0.8050392195366584,4.8427039433449455,30.307377850757685
2001-02-19,30.945938288126296,1.5331344826837499,4.163040647246898,29.804690465055508
2001-02-20,31.552646275765586,1.45635089397301,4.4211801715489445,31.066764131717758
2001-02-21,33.51316447187671,2.3303229762317956,4.889998865533128,31.793070248753608
2001-02-22,31.761168290628298,3.7451849120973675,4.307123850854192,32.95467154858914
2001-02-23,32.59674801569462,3.4446047985406434,4.897773894632346,32.7141090415093
2001-02-24,31.59977383556022,3.070572741962231,4.309304332190309,30.328477216943956
2001-02-25,31.16790554407331,1.6299691050637044,4.673195122881752,31.12392527201406
2001-02-26,31.080877246911776,-0.07643964190733277,6.56941911533484,31.782510469787923
2001-02-27,31.092181081922927,1.1830445518606467,8.303070120947917,31.965652581150284
2001-02-28,31.630951257941128,1.3080658160277234,8.723111481965127,31.33928338471248
2001-03-01,32.53633412816519,3.1241739068017758,11.678509375440104,32.074936513778745
2001-03-02,31.60640137718513,1.5717355466262561,9.09175803057568,30.603284131928714
2001-03-03,31.208901451752403,0.9867012142305804,9.567103426335237,30.210229320671555
2001-03-04,30.93132931520422,1.0454479188529266,12.876199054249017,30.879619587992117
2001-03-05,31.772424539093844,2.344706865927372,13.77940163080856,31.213573936361872
2001-03-06,32.696866414921104,1.763728943318501,12.809436003371042,31.464042855694906
2001-03-07,33.1926172919929,1.3397327298927104,13.21107785385532,31.90381546950266
2001-03-08,32.56103394460942,0.7366285798712119,14.401980649176075,30.816150309269727
2001-03-09,31.763167476438483,1.544426400722955,14.147997976157875,31.269039408095757
2001-03-10,30.43947029548955,1.5158029054259674,15.758418111154448,31.178461684878286
2001-03-11,30.184723526713125,1.326455482966307,16.697604785550862,30.381023765802144
2001-03-12,30.963094006204493,0.527275871908606,17.218627446115335,28.96881282278142
2001-03-13,30.910675201121247,0.7590021433215788,15.814990332732984,28.747431248862064
2001-03-14,30.293139027867593,1.5761818514028536,14.68759262716961,28.64508379784215
2001-03-15,28.918851868865662,0.1755316773211859,15.749846760461178,29.59893937912838
2001-03-16,29.37712872976679,1.7105450090941716,15.08442644774455,31.51856598846844
2001-03-17,29.61366188577808,2.2457427797702025,15.655828912862885,34.545637529263004
2001-03-18,29.783060182978463,2.7855889389853496,15.821127698374715,34.656187249008624
2001-03-19,31.056184736335076,1.5641648813246247,17.09910117744807,35.67571292987378
2001-03-20,31.28407913010078,0.20381477159306294,17.596214774103363,34.76163325024263
2001-03-21,30.72538933193041,0.7930528532710772,16.970765203641875,33.57349355090982
2001-03-22,30.98108126976451,-0.5860874266280733,17.380499424626862,33.405537617499256
2001-03-23,30.914198331041653,0.189278639098571,17.67797087742914,33.20543568624684
2001-03-24,29.519772617458962,0.2991342405149384,17.14608122147694,34.16389583554083
2001-03-25,31.103045721761465,1.6971659502602219,18.284831490468886,34.045809798562054
2001-03-26,31.50245769935018,2.8946309193157576,18.221845995560876,35.19238088422828
2001-03-27,32.80645173053158,4.839414475488455,18.543003459006144,36.34978927253861
2001-03-28,34.040000754553546,6.282172813454257,17.78928142164577,36.54195838683192
2001-03-29,35.03163962694701,6.489739425810368,19.255843119536564,36.8445686340048
2001-03-30,34.18698025427951,7.185283757479773,18.974880633461595,37.988203263326035
2001-03-31,34.10269562517367,7.568335003068762,17.878665282348035,37.8715508908673
2001-04-01,34.993071266138095,8.803350674217828,17.743441027004636,38.07780301250893
2001-04-02,33.690029824587114,7.808915852754257,16.50063687551123,35.99384529151395
2001-04-03,33.46359593266572,9.347864497072168,16.174877964600444,35.968199667857746
2001-04-04,35.33317171471975,9.979968491001769,15.485692750408386,35.64522231478143
2001-04-05,35.68765688781807,9.214555777125078,15.192222565793571,35.526400892423375
2001-04-06,36.263076743385504,8.565614936985753,16.21168828137139,35.91890514790209
2001-04-07,35.98261473618822,8.53209191548506,15.518167375246412,36.68716495964208
2001-04-08,36.40104448653336,9.665624362709755,15.5221891916519,35.79733386612606
2001-04-09,36.126587566643266,9.021240437838456,17.45715681553314,35.177252185939096
2001-04-10,37.83355399819319,7.839148369395411,16.13820914372203,34.664583944139004
2001-04-11,36.403825207247635,7.206971978791106,15.129777381310054,34.954072245422246
2001-04-12,35.19049822100808,8.396696401893342,15.716284122419875,34.876265973164514
2001-04-13,35.54027253996367,7.5761270460026084,16.820195877897348,34.56856141795735
2001-04-14,36.00634836761907,6.9504101239111495,15.284476899096177,33.44184432670938
2001-04-15,34.14527733739871,7.769770532457018,15.827943175206888,34.897665979745675
2001-04-16,35.05617039103811,8.439358895848379,17.205024863685274,34.74185025213341
2001-04-17,35.75096218534609,8.721046607046624,15.324754348258583,35.63115121062418
2001-04-18,36.42096442742236,8.261258905431019,17.95517576660078,36.08638891430982
2001-04-19,35.37692385688942,9.538963165606585,18.523963284946984,36.7816527968742
2001-04-20,35.107440865456596,9.632970377641538,18.494159955686488,38.102994418696696
2001-04-21,36.649356837711224,9.039903783857651,18.39711113132037,36.85813947977307
2001-04-22,36.844124630514,9.375936432408587,18.026471565667467,37.34542046182635
2001-04-23,37.14890739632959,10.02631971317324,17.05677391986921,39.55430026784058
2001-04-24,35.891832516090304,11.320735099799814,18.959826269419086,38.159885598047225
2001-04-25,36.10796384603667,10.033004832798195,18.741602000323216,38.319766857853686
2001-04-26,36.53935454469609,9.434663468797698,17.653260181119276,38.65801341064718
2001-04-27,35.719980144217686,7.684574382768129,18.644911109513277,37.86894397730325
2001-04-28,35.191636019940034,5.674128399686063,16.73082005506998,37.66378224037278
2001-04-29,33.93342421547795,5.716916501644184,16.171615424894043,38.06493363824453
2001-04-30,32.5303449540583,5.062700059302813,14.827515918918786,37.28900858374128
2001-05-01,34.48483894719852,4.434402297053711,14.923817882397119,36.40771474220048
2001-05-02,35.55550427085472,2.7223059506560894,13.484053743757052,37.27409361023934
2001-05-03,36.61741651802691,3.594604279181878,12.804869866198585,39.57105104047327
2001-05-04,36.76298377117159,2.4393529734847843,11.501218287413165,38.594854332411586
2001-05-05,34.70362242160235,2.390589046954987,14.195057271811503,37.475955899071295
2001-05-06,35.35554504333602,1.2198794058831168,13.9648117455366,37.43878953505752
2001-05-07,35.31058859303799,0.19668799910499657,11.992811909757512,37.52206365372778
2001-05-08,35.408026224295746,0.9180403306549412,9.696575115153035,37.92733382330636
2001-05-09,37.381114635326725,1.473462272244235,8.920910215376372,38.075161269877825
2001-05-10,37.83323953812744,-0.6050479606230346,9.452391874478272,38.6539547909056
2001-05-11,39.22196005076946,-0.22261035015751562,8.148018450348815,38.685433272345996
2001-05-12,40.520061752361315,-1.1875768196772523,8.772601155486626,38.51430612633794
2001-05-13,40.73899186947712,-1.847006536825769,7.645966840794934,36.961108849566216
2001-05-14,40.851739108935035,-1.423185987475558,8.075796485438262,36.50171022096215
2001-05-15,43.20089948832778,-1.072332682531735,7.381667962163521,36.911341145957564
2001-05-16,43.08735213675821,-0.7484228826868766,8.266740772322313,37.235000404057494
2001-05-17,43.80682091167399,-0.7989958401205801,9.05702803648946,38.30727546778808
2001-05-18,43.31635812637663,-1.0421967387032276,8.953117238023053,38.09147787595245
2001-05-19,43.12121195425752,-2.8931851053863142,8.299629740723141,37.65898640375706
2001-05-20,43.721165122115345,-2.148253876300085,7.417480212684861,37.30221684609009
2001-05-21,46.36637966321475,-1.7430471735122712,6.3846104969470705,38.80588487590517
2001-05-22,46.889168548232256,-2.1710823816045535,5.16986333791939,38.739737608159984
2001-05-23,47.600826802970474,-2.6794701659345845,4.565670150395176,39.39253082908831
2001-05-24,46.7006328317108,-3.6530582733831642,4.908622168342255,38.407835853486624
2001-05-25,46.5416992619838,-4.190994069383539,5.155085224418387,38.32128956687715
2001-05-26,46.69616402386538,-4.472152767738457,5.988213291993545,39.195187309087345
2001-05-27,47.030563184765484,-2.9574642808653744,5.142696716998421,38.523940334674286
2001-05-28,48.07965256293227,-4.232611889527408,6.382253874686226,40.37195105031874
2001-05-29,49.12627340596273,-2.4811537775116332,6.8270614069300075,38.99601927238084
2001-05-30,48.29924191232958,-1.8694185406135242,6.796308535784871,40.36641110081068
2001-05-31,47.47120833686611,-1.5448901951733949,8.257015138926725,38.94073624011091
2001-06-01,47.706007957973874,-0.6203339395873952,7.150266825653336,39.36896945066899
2001-06-02,48.4266347841393,0.46009619908291954,4.861816988117943,40.53813719266978
2001-06-03,48.36541574138468,-0.3572312457904323,3.4618525370999205,40.11704434949463
2001-06-04,49.91278800892935,-0.5944319009012927,4.21696659398435,39.29059416119263
2001-06-05,48.25328056600517,0.0741286736741047,3.2440583671917054,40.08629036123794
2001-06-06,48.904351862401946,0.21988811646340273,3.9129154989435175,38.371145776746154
2001-06-07,51.02302801124929,0.5268256247609174,2.96000865271488,39.35682829414313
2001-06-08,50.83978111101561,-0.44723438754232825,2.3878684142736826,39.74989961846588
2001-06-09,51.236445654343875,-1.2697354250743764,1.1167683797026917,39.08928314649807
2001-06-10,50.23654944309407,-0.6266474286451101,1.1129611583034575,39.07814703405967
2001-06-11,49.03421761624006,-1.0454652295161444,1.3294541125782138,37.3746767367627
2001-06-12,50.035926772286444,0.2683328662378852,0.8325583126235816,38.01051174582137
2001-06-13,51.95256274873018,0.04857956332060959,-0.07555132990315816,37.49105963289575
2001-06-14,50.79984343726956,-0.23115951062168233,-0.05067679899754571,38.91664041195874
2001-06-15,49.58377610315411,0.5112239757964312,0.8613507962580156,40.5504346484612
2001-06-16,49.07351421863035,0.14124889547549635,1.740419650758414,39.72965185052547
2001-06-17,49.38752705684727,-0.9410059120652031,1.902687383248397,38.12938672849518
2001-06-18,50.006037992571386,0.8775033592392788,2.9856074182419103,39.57179822924029
2001-06-19,50.437898368686064,-0.18553396220899654,4.448112224628695,37.4054234286038
2001-06-20,51.23092746163078,-1.1762843849557267,3.894237925423476,40.51440944865219
2001-06-21,50.0966805764024,-1.5182327709517103,3.1415776546701744,41.11166524167934
2001-06-22,50.014547600075794,-2.3112284432885666,4.026252533679301,42.18830551052422
2001-06-23,49.60570846221108,-0.9539274806178182,2.6110108414442634,42.72313264908494
2001-06-24,50.11444135202138,0.4825579119532617,2.1922853280573134,42.91584066387393
2001-06-25,53.245479413058305,0.8334504486505151,0.46809295886068525,42.82842338007336
2001-06-26,52.94082370885833,-0.895487721574073,1.1464700873135103,41.45505249152576
2001-06-27,53.56138250563591,0.9137352494218153,1.9151321941313575,41.35659728283657
2001-06-28,51.498324554487695,2.974852304114366,2.9663689006378258,42.230673787116196
2001-06-29,50.71417770142904,2.4308401901980723,3.85874467106934,42.654235487846286
2001-06-30,49.78931025698497,2.1647102579519784,4.445526444775694,41.723776215942394
2001-07-01,49.37995090018123,2.1069500967982044,3.2090766199791334,40.89229760668538
2001-07-02,48.363920590312965,2.797913637538028,4.526875000120344,39.991377931691574
2001-07-03,48.691475894666944,4.582073286442572,4.225848228656616,38.5407981201061
2001-07-04,46.93838084812486,4.463967245224601,3.9884487994060702,37.695038104037764
2001-07-05,46.450392925114116,4.381121104707113,5.3031046929734975,38.607172407850214
2001-07-06,46.870417583520585,2.9193985309354566,4.72468288865868,37.599343103800315
2001-07-07,47.63569692373578,2.0501723515373413,4.400649096005727,36.463491046881465
2001-07-08,48.0380880048298,0.041210217277637184,3.782347321728412,35.73919091078824
2001-07-09,47.98336489158983,0.15252317573749702,4.085458812625152,35.5329442263452
2001-07-10,47.025866271115824,1.0523351179527038,3.0260186396278734,36.403886368272595
2001-07-11,45.81168018456432,0.7223052563100283,2.161236055116369,35.248379731925574
2001-07-12,44.5503225432935,0.9553277445274275,0.7124230786242332,34.56551324889702
2001-07-13,45.038339917650624,1.6384746122158016,2.432788648960978,34.81132879145232
2001-07-14,43.94410758576075,1.5057979264424999,3.5398080700286383,33.35605823165145
2001-07-15,43.649755599082454,1.9066563482974292,2.6523742949982934,33.409856739290355
2001-07-16,43.4797453576642,1.2677134348715082,2.8339891196055924,32.89521843847357
2001-07-17,44.71217477217117,2.63221077855151,1.656816779198731,31.55324841334446
2001-07-18,46.30122006522476,5.0983169773204935,2.4208655071757677,33.998834902177
2001-07-19,45.8864751883247,6.562437112484197,0.644308670172322,34.07508779192762
2001-07-20,46.32369072717435,6.433339427934597,1.3621622816816554,36.02189300306459
2001-07-21,47.30514393530262,6.455941464374438,0.6822291108666462,35.48952721736547
2001-07-22,49.6336629528406,7.710647708969582,0.5918098808264286,33.76471864433591
2001-07-23,48.99810876872702,8.488891303080688,0.4622133812641934,34.26379281282813
2001-07-24,49.95753945166612,6.83657929313919,0.23965761741933653,33.66578340056087
2001-07-25,51.181199266584905,9.170757330281123,0.6664048221303411,34.3326819518863
2001-07-26,51.16316456449271,10.445707902991627,1.514738142253392,33.4420906005012
2001-07-27,48.90337935446919,9.761247243899323,1.0263181392670226,33.012006557145554
2001-07-28,48.61055247782888,9.981510647481407,0.22819562134471327,32.510064460678734
2001-07-29,47.428085679967495,7.514436436369519,0.05489246880021981,33.546249635355075
2001-07-30,45.169573979162976,8.301772699569728,-0.14865829316663104,32.23824167349787
2001-07-31,47.52753844460413,6.778805588930229,1.3253261103826195,31.875748806205245
2001-08-01,47.21320396796667,6.441678953794028,0.7370674053295179,31.602970207558503
2001-08-02,48.41667663326492,7.182181768027612,0.8195679126020629,32.026998861532974
2001-08-03,49.541139412007276,6.921507142330854,-0.3852159558169569,31.919980856107735
2001-08-04,50.972533432442155,6.801300342802137,-2.084742956604791,31.15791598950468
2001-08-05,51.20372897422242,6.952558468014062,-3.372855447709595,31.477960071618995
2001-08-06,51.451126606628364,8.843168872831747,-3.817137170246448,31.833207824452483
2001-08-07,50.46074107890761,8.407118882422512,-3.773839415846431,31.15163244306962
2001-08-08,50.121964013140335,7.354812944415475,-2.7943252189835235,30.737210220366066
2001-08-09,50.41449111209804,6.5994702105195815,-2.2761394898567917,27.705192598753694
2001-08-10,50.19112984295916,4.898937221849595,-1.9153368578577155,27.875969842027594
2001-08-11,50.681925525666266,5.762247077818958,-1.858481225479933,29.446383054139478
2001-08-12,51.232074293804224,4.186787413360399,-1.8129044397075038,29.574945488366712
2001-08-13,52.85556423388214,4.285554106551658,-0.9055999589610367,30.17512931287358
2001-08-14,54.132083475187336,4.186307894730226,-1.5108086350446044,28.969594486754122
2001-08-15,54.70250233429866,4.6547411219809325,-1.6632928074350093,28.886321968006566
2001-08-16,53.761320132079504,4.396829722709124,0.5714477583476261,27.508254282391235
2001-08-17,54.17522713534598,5.458597755266368,0.12832312940729768,28.23575863399086
2001-08-18,55.34427783727293,6.206832249858663,1.565438719558095,29.604655872395877
2001-08-19,56.49907760936325,6.1447506025692835,0.85528195878936,30.236528942260147
2001-08-20,57.295934484491646,6.61183685973532,0.6127447433042308,29.40158727252191
2001-08-21,57.967687390439636,6.319896591790273,-1.426911570266252,30.131253867928834
2001-08-22,58.1734972722022,5.218141899364467,-1.501240455576048,28.587981486096222
2001-08-23,56.39543318962286,3.760993181960213,-1.4994609522156959,29.39477846107981
2001-08-24,56.251809313568046,4.213428339732797,-1.0433101861329217,28.80266253597159
2001-08-25,55.34701376874399,5.085377684799449,-2.1427711033213863,27.90443838566382
2001-08-26,54.664406495365334,3.934489865236056,-1.314558663614426,27.88993276215694
2001-08-27,53.99549551440202,4.454332968015844,-1.700982819311845,26.685634846628368
2001-08-28,54.14091658742247,3.678896072947901,-0.35602194310197155,26.955493854819004
2001-08-29,52.860192199288186,5.177498715950125,-1.3541768060035526,26.69647497969701
2001-08-30,53.33020758799487,6.505494261955916,-1.9543348244065153,27.50903897891927
2001-08-31,52.253640190523306,7.699253582997725,-0.23675036514600767,27.519655960571
2001-09-01,51.84783777017375,9.103002173798085,-1.9846297140740756,27.91624968580853
2001-09-02,52.71514438524211,10.205925197044019,-2.8763923352841294,27.335549655738927
2001-09-03,51.433935360999435,9.592149270721725,-0.9625919893284556,27.187302959297238
2001-09-04,51.262035207475414,7.814706216837918,-1.8541257682585646,27.86133600184818
2001-09-05,51.289819094663855,8.105426239023279,-4.69211702495555,26.729795393233047
2001-09-06,52.091435954037394,8.10031440640433,-4.059211318559488,26.738980758198426
2001-09-07,54.174014420824534,8.207728290572728,-3.2209355514614293,25.71851149959292
2001-09-08,55.05456273413199,8.565233446258935,-2.9683294018037496,26.33839517682817
2001-09-09,56.06708263222085,8.235632817921832,-2.1242462118775967,25.451434542387478
2001-09-10,56.6867961283233,7.629907229902396,-3.1639062379261267,24.547357262471195
2001-09-11,56.94867098852877,6.5409065840932055,-2.1357932313867263,24.033036339666754
2001-09-12,57.62607039360595,6.934411856603075,-0.8041611503089916,22.521434756072342
2001-09-13,57.6243823697477,6.020781267572267,-0.7713416187180472,23.420784614001132
2001-09-14,58.58196828849321,4.987573082492732,-0.3904314599526241,22.3199451897935
2001-09-15,56.175332437145315,5.505581227244936,-0.28643713024386763,22.069810347130208
2001-09-16,56.198935423458465,6.469143658247912,0.07509718553806077,20.194950676297285
2001-09-17,57.275267104921305,4.358239942989599,0.9147406423505037,19.718010301762174
2001-09-18,55.41498801155299,7.369671581692835,0.6372097990060883,18.834759375080502
2001-09-19,55.11465047967313,6.540260124618149,0.4740942063655996,20.40189994868721
2001-09-20,55.134323808165846,6.198208036191787,0.5974797665962969,19.62457736679497
2001-09-21,54.551730907457014,7.51264942298169,1.4866069346773236,20.948033369427925
2001-09-22,53.34482882984416,6.963215522406275,0.09799271918034047,21.89023636057656
2001-09-23,53.09121972933873,7.776871417514032,-0.528003709661541,21.25185569226367
2001-09-24,52.35784030467456,7.220384142290141,-0.16424069833281874,21.026515636062054
2001-09-25,51.74302051748898,8.456567400982742,-1.3246569233242171,22.582637042466953
2001-09-26,50.5939131075792,7.661124876955946,-0.6839008328192135,22.660987630268306
2001-09-27,49.75563357903134,6.502964986126573,-1.2276703985978017,22.70325366243701
2001-09-28,49.4900529695368,5.816099516163243,0.4834107389111384,22.618503676783938
2001-09-29,49.55398471418431,5.104620798553286,0.9991229401862319,22.062515599317248
2001-09-30,50.668252193838384,3.911217014937988,1.8791732536836538,21.331909495387972
2001-10-01,49.91977517978593,3.662110452030518,2.6924400652178178,21.499601456890876
2001-10-02,50.054594664252406,3.137325809225418,1.9085565824355042,20.79501665993027
2001-10-03,50.1644993192517,2.9411720749516745,1.0509755431551309,20.852549017640406
2001-10-04,50.571812940946515,3.66506024314448,0.17592060164974144,21.733935789431104
2001-10-05,50.365460187213934,3.02600627021308,0.6841989409136934,23.461217632104038
2001-10-06,50.22121318197206,4.059617763711869,1.3722723943177142,22.633467875831457
2001-10-07,50.742655848538966,5.658309293533037,1.3365722060039122,21.872907972853167
2001-10-08,48.99512152965646,6.562401884096206,1.035126333597801,22.19458273295973
2001-10-09,48.46803466274449,5.325823807688815,0.9432915878698607,22.561616472803088
2001-10-10,49.186904222507835,4.369159402465318,0.9986474101018801,23.41614942011259
2001-10-11,50.69991438990062,4.519669225639654,-0.39034367955492666,23.014356984105238
2001-10-12,50.89677569249778,3.654864870582386,0.7750088529109309,21.649713431033025
2001-10-13,49.54869023597597,5.269043274623872,0.33089614220128616,22.83985070747637
2001-10-14,49.96169157271235,6.1707705567031645,0.15359679034063056,24.90900180112823
2001-10-15,51.75674875894922,5.973058843990602,-1.372703817788287,26.26502428070567
2001-10-16,51.02838551912618,5.629929504851187,-0.22401437943856983,25.20566059176089
2001-10-17,51.69167521825517,4.821003227302528,-0.024916793420831196,23.987329451948543
2001-10-18,53.180101986701665,4.793781300732331,-0.35914136334785607,23.871857443233477
2001-10-19,51.82889489353487,4.539000434148213,-0.5574264867059248,21.998281942310918
2001-10-20,50.098406622371876,4.702587247213149,-0.7965381600156729,21.061718109103882
2001-10-21,50.38006475267101,5.792636305108093,-1.1633799750424616,20.66942952095379
2001-10-22,51.358828315793644,7.961764678472383,-2.897002148114039,19.80234205078114
2001-10-23,51.418690655867856,5.904575183365111,-3.9829414264883862,18.16475888664986
2001-10-24,51.89977468812545,4.944335833925563,-3.909431126411496,18.331806975897084
2001-10-25,50.07549136523233,5.66204422085969,-3.4350800893008544,18.633112872743418
2001-10-26,48.2699545243218,4.22252824340421,-3.7719384688020114,17.887875985689497
2001-10-27,46.99014188430969,2.7530348342606032,-3.17910200133175,19.48288744683061
2001-10-28,46.354508781909125,3.1551734260598403,-3.990851641444695,18.700427286457877
2001-10-29,46.85374221670356,2.8701510423576218,-4.7693360396038464,19.665887328365663
2001-10-30,47.25535243242689,4.17135959260076,-3.0843250785361773,21.496450738366395
2001-10-31,49.05843901490753,3.2521985447021193,-3.2575502673903265,21.352909737094794
2001-11-01,49.662083197230814,3.0124126130248015,-5.2589853689515245,22.27183571935354
2001-11-02,49.92661747026,4.5991887674769245,-7.077923803968558,20.388743791975422
2001-11-03,49.59494234022612,5.492163347978151,-6.421329559670573,20.795414224337843
2001-11-04,48.38688379040179,5.159270338894234,-5.499209266235015,21.37238191065071
2001-11-05,49.55269819375151,3.899935218592592,-5.707674668942922,22.017054224528493
2001-11-06,50.79963045252119,4.702232225562344,-5.4881869191918335,21.76635927123195
2001-11-07,50.769554858534015,2.4151428231217436,-5.397127047111618,20.911660924777383
2001-11-08,50.16379306104616,4.507978102864547,-6.123938400563894,19.948931041280627
2001-11-09,49.254494886742776,3.0508315186468566,-7.51366847825647,20.338164034711312
2001-11-10,48.2369178753426,3.1975068383208756,-6.643392636248052,21.291946623139005
2001-11-11,48.01259331199958,1.7420240034166337,-7.14323976582138,19.68052803529613
2001-11-12,47.278148036935285,-0.35839423455471686,-5.829898366161769,18.51363605128537
2001-11-13,47.92878083212765,-1.1373068834638402,-4.944052533623587,17.398468136809733
2001-11-14,48.30641909881144,-1.6179324270262678,-7.129521784803389,16.205824999933146
2001-11-15,48.98751948253237,-2.1024005751796024,-5.304761719057854,15.389373022829654
2001-11-16,49.56299438771051,-2.028348695993848,-7.429293469954467,14.739098383504828
2001-11-17,50.594120311967764,0.646974494653926,-9.087015308083226,14.742035410825036
2001-11-18,50.98592307192716,0.4945655962624185,-9.818578235274172,14.737689154764768
2001-11-19,50.574496703313145,1.1072754403557006,-11.833067873018612,16.441374500396375
2001-11-20,46.32282451879456,1.6075646887339987,-12.215233429400755,16.42749992829851
2001-11-21,46.51624389272151,0.2607907456435914,-12.896536656366484,16.94777168891275
2001-11-22,46.728223205341635,1.0258579170058288,-12.818318996966852,17.495655829652954
2001-11-23,45.92770448536521,0.13824779877134086,-13.205445685761882,18.869042440668103
2001-11-24,43.155207820612674,-1.0307611576994509,-11.630772521562603,19.674000712847505
2001-11-25,42.63773852420622,-0.6367675479650943,-10.871802004918933,19.558697845642204
2001-11-26,42.77193183511082,-0.7242237023785776,-11.856522382171894,19.20899040918117
2001-11-27,42.63429244716209,-2.0682153931130913,-12.82625993028912,19.325686243367496
2001-11-28,43.081072078324404,-3.064293071134114,-14.545865393310319,19.06671227285691
2001-11-29,42.54408119216356,-1.4498741058968685,-14.948931422033,20.707841979150622
2001-11-30,42.55554794652848,-1.5845955090532358,-13.694958535058781,20.141960109758088
2001-12-01,43.706486892844225,-1.1829868230468987,-14.017595255047002,20.262949528760036
2001-12-02,43.73565943590871,-2.1180732260016493,-14.627199047731656,20.348055073901367
2001-12-03,43.40995463518437,-1.7661418723965425,-15.949744377491276,20.79979456181902
2001-12-04,43.567884753155376,-1.4200041815380364,-13.760286033141561,22.10094631935662
2001-12-05,43.56323087499115,-1.1726360695569,-14.707333646016925,24.17178453797893
2001-12-06,43.94855621769116,-1.669692954091541,-17.14608925124486,24.762413139762508
2001-12-07,43.96484974590675,-1.7041564803197142,-18.808721798678,23.392991588997972
2001-12-08,43.986703716020436,-2.1950472219069663,-18.53376978534187,21.782645823139113
2001-12-09,45.2146994088701,-1.8526812844532656,-17.30046757833546,20.18995780009375
2001-12-10,46.136610641236594,-2.4077432835841694,-17.660455999730335,20.6163943137139
2001-12-11,44.761882027334195,-0.6308405935599393,-16.874904585397914,17.951495405472908
2001-12-12,44.41214703401666,-3.062139944854551,-16.228471505911795,18.02843893564434
2001-12-13,43.63792552983945,-2.1378543865818065,-17.838667633606555,16.33260210949938
2001-12-14,44.4394859182569,-2.362351541554328,-17.112948520944368,17.79856269533128
2001-12-15,43.61646872832121,-5.16737554767546,-15.352134694010946,19.275738742278712
2001-12-16,42.999204161999224,-3.5237932671751917,-14.554767414187797,19.56457075817429
2001-12-17,43.311815368130404,-2.5319027049356637,-14.879723983893108,20.424357222561643
2001-12-18,42.3415632003466,-3.8145279265168077,-16.09122299951504,19.91731335913651
2001-12-19,43.15629581809431,-3.9293834003978176,-16.434908516744905,20.39749462375606
2001-12-20,42.670855532496304,-3.1621847097778177,-16.883097670754143,19.207373108861436
2001-12-21,42.79223229943442,-3.9095948927850035,-17.61520014859953,17.60224748776151
2001-12-22,43.28399965028026,-4.172746348101846,-18.11352396074337,19.178944912450813
2001-12-23,42.77141867889008,-4.866564347398238,-17.978788209501015,20.35182116795817
2001-12-24,43.174607461134705,-4.679206598727231,-16.150989198928063,20.467545536784726
2001-12-25,43.897285903413774,-5.070472023796967,-16.039041182775474,20.624925713659835
2001-12-26,44.81784075627493,-6.558489873523369,-15.910147782417488,21.082165662566258
2001-12-27,45.48226969926058,-6.033751678430226,-16.958040573670345,19.247752147691177
2001-12-28,46.422652245172436,-6.182365249350063,-17.41067116353811,18.739115643368052
2001-12-29,45.836952254159826,-7.3921911876605,-16.310793595872248,19.243958706242264
2001-12-30,47.184174257311895,-6.942181635839554,-14.835849531432585,20.265238181892283
2001-12-31,47.51661284173791,-6.5347479712728465,-14.67786328780229,21.360336843388986
2002-01-01,46.158675661284605,-5.399730932213292,-14.583817371115872,22.49022633272915
2002-01-02,44.88009691500252,-4.673630816242501,-14.934166520272523,23.34521143501748
2002-01-03,44.44376185349835,-5.117514797373087,-14.375483375928141,22.875910612656323
2002-01-04,44.10505641282492,-3.7742407916467062,-16.416020659165678,22.295095519915897
2002-01-05,44.16376334972621,-4.763327456740992,-17.301113149971084,22.239513961973735
2002-01-06,43.05647009054759,-4.377915034496843,-17.928170748134733,22.695302425223897
2002-01-07,42.67226909736962,-5.4569425834084315,-17.231473167212812,22.02420301430581
2002-01-08,44.56200499029038,-5.2723923101797885,-17.32803895692649,21.46909443265798
2002-01-09,44.89164273384834,-5.978895140294439,-18.472147559666265,21.7783644974985
2002-01-10,44.01069613420162,-6.994447640284948,-20.947564952776883,21.08403179668861
2002-01-11,44.91011564551258,-7.134460490475949,-20.488104231407707,22.985009696364894
2002-01-12,43.74544745309191,-5.937366660134099,-20.00953318816944,21.395745044116865
2002-01-13,43.47843397308536,-5.071773646472513,-20.49648358738311,19.74852241428751
2002-01-14,42.262320574736634,-5.8825875146261115,-20.75872165754082,19.197363284173885
2002-01-15,43.84016366085093,-6.522859010905124,-22.361628523453316,19.035601980840852
2002-01-16,44.32382442135498,-5.835692138579139,-23.211177968559355,20.395465883764487
2002-01-17,43.56272022341641,-4.922784820117204,-22.549954649952095,20.629406151838964
2002-01-18,43.676986720974405,-5.040942608524594,-22.46717550904367,19.023055355372623
2002-01-19,42.439792799844035,-3.8302602918435475,-20.69774909956959,18.947371256602604
2002-01-20,42.94824371492995,-3.765357783897214,-22.492326306887666,17.289197040207302
2002-01-21,41.355309110792945,-4.935192645942271,-22.240903730331688,18.142242634325747
2002-01-22,43.00948388893859,-3.785880120065501,-22.0830147244292,19.22112873196951
2002-01-23,41.91142584292111,-3.6116494339657716,-22.99589946647002,18.624819857353337
2002-01-24,43.399642606127,-2.353887418072248,-24.39210068966455,20.3662186569894
2002-01-25,44.777671755916685,-2.2892417151994575,-25.338094144160685,21.10612942527713
2002-01-26,44.351641051721714,-1.9321585529187928,-25.1805289926325,22.016276024032095
2002-01-27,43.612019536179304,-2.7352011110364454,-24.699955425492604,21.674839205095285
2002-01-28,44.792758382250476,-2.6479704145180927,-25.327054102340444,21.106376759123396
2002-01-29,45.51606420266368,-2.7986244266385056,-24.874079289303076,21.096829108544824
2002-01-30,45.66028396280279,-2.2411228227048734,-25.301822459696556,22.175652578412468
2002-01-31,44.90442728766407,-2.6947939479839134,-23.783143036222107,20.461906346919704
2002-02-01,43.43807203511044,-2.8318646635918787,-23.548918750993334,22.16495146492826
2002-02-02,44.11729208233368,-1.509913701498928,-23.870264506663858,23.211055438517025
2002-02-03,43.909809171361545,-1.6270235183933273,-23.439438985911345,23.16563233232045
2002-02-04,44.71527031508648,-2.67443149687782,-23.491771667942764,22.762148214697554
2002-02-05,44.58956554348256,-1.8801476934368724,-22.12365954127911,22.52393754791957
2002-02-06,43.88043499653258,-2.939783455304246,-23.26377827260348,22.812327073691513
2002-02-07,44.75406230904903,-2.8378834207355017,-23.272507965239058,23.556212780859003
2002-02-08,43.99419160810527,-2.782336609417219,-22.083036471200316,22.885508357277438
2002-02-09,44.66468725960237,-3.7458923014446235,-22.446144791127704,22.860561663671742
2002-02-10,44.16726007996247,-3.770940790586039,-22.164666205235143,22.619679517319963
2002-02-11,43.73352835158829,-3.400073882605533,-22.69580309128914,23.25094974806528
2002-02-12,42.96018695139823,-4.9833929856333885,-22.35403074925257,23.607900499496793
2002-02-13,42.321055739848,-5.76870306638547,-22.35744384196676,23.809870026573368
2002-02-14,42.021067325523276,-5.331701691729856,-22.986060709632696,24.022297802972687
2002-02-15,42.23944493036776,-2.980416247802457,-22.057758901484764,23.101071852112906
2002-02-16,40.947926512919985,-1.5004484138435636,-22.64562971173555,23.164660322706126
2002-02-17,40.32475087638685,-1.1408433772494173,-22.583332693374256,22.454887082489964
2002-02-18,40.51426731764211,-1.6036110919929314,-22.26597648590672,23.287657888520226
2002-02-19,40.722254767127595,-0.9692419709726191,-23.699640812024224,24.97682996108919
2002-02-20,39.817789493049474,0.5392755650362192,-23.85954732089838,26.18560993899232
2002-02-21,39.62906186038024,-0.737005196229814,-24.70115490693503,26.308146057323412
2002-02-22,39.57155095076572,0.9013795227758353,-25.713889634307225,27.98268246676538
2002-02-23,39.309957579324234,-0.19459702161927128,-26.405783348451518,28.324893062487945
2002-02-24,39.5232184491513,0.24108934093285228,-27.344127786673802,29.21861488007995
2002-02-25,40.910440344674065,0.004771381422634696,-28.13834821502614,29.02644947662193
2002-02-26,41.33469522047104,-1.3498923450481635,-28.382780349024134,27.996035176823387
2002-02-27,40.289459338584535,-2.2095934951731104,-28.71348701126489,25.675124775578794
2002-02-28,40.61912025974358,-3.286193310404773,-30.67118120776778,25.380784923661064
2002-03-01,42.25756500868267,-2.8652431322039345,-30.46886809556502,25.107828062129865
2002-03-02,41.228166371176066,-4.165212824548123,-30.05371312136656,25.386254084314782
2002-03-03,42.790325258056725,-3.3094128756022054,-32.18017211337579,26.376021782969293
2002-03-04,44.43892816866748,-2.8380418299023593,-32.096998768436166,24.75341054070539
2002-03-05,44.52699538183831,-4.008252233039414,-31.221177192206707,23.58536204755491
2002-03-06,43.954624872086285,-3.0359872872885667,-30.557419348374175,23.599230496625506
2002-03-07,45.62195022950892,-2.8072904766492024,-30.289989057699472,24.083345810419715
2002-03-08,43.615559240619866,-4.138927000825943,-29.23857972300906,24.917763724762473
2002-03-09,45.02293502773416,-3.9785712635796986,-29.543226417176893,24.745035589714867
2002-03-10,43.840836250990584,-4.436742906881005,-30.68116333567026,23.37928737810767
2002-03-11,43.01745578552809,-5.078511118264275,-30.87596241587565,23.29913227094239
2002-03-12,44.59448383460387,-5.122794334880752,-30.060494003062846,23.9246156412425
2002-03-13,44.64573776433637,-3.179129318412304,-29.621332537401532,24.371855148489708
2002-03-14,44.69158230532672,-3.332260799471255,-28.66850016557332,25.640081470546985
2002-03-15,43.59495538258696,-1.9283971429173214,-29.032788519648886,25.468863644399388
2002-03-16,44.27854947232188,-0.7877629697187847,-29.27028670720683,24.899215234406487
2002-03-17,44.56847176222931,0.32807113361552354,-29.06358287100298,25.47865694181767
2002-03-18,45.93080886886245,-0.06421095580379965,-29.77531133387226,25.182940388275778
2002-03-19,45.73383750134413,-1.603451789024454,-30.00225812357605,25.626994019311883
2002-03-20,45.280094952054945,-2.142769351222716,-29.04558601963364,24.800031660252127
2002-03-21,43.12133078310933,-2.84742445087731,-30.253812658161294,24.750212715173525
2002-03-22,42.456036945931885,-3.241898237226455,-29.944245188630084,24.35957886768504
2002-03-23,42.14050179327386,-2.7493619555992,-29.249082742237455,23.657130917113843
2002-03-24,44.08201022338148,-2.346706629815982,-30.66138737392748,24.169098635691725
2002-03-25,44.33358628232078,-1.6767590534070176,-30.589930151811142,25.395553781066575
2002-03-26,44.245525993506064,-0.9401139860658272,-30.5264059251496,25.18853254221551
2002-03-27,44.16024449465921,-2.8350241339293056,-30.421574340737585,25.506707766298113
2002-03-28,44.8325905143671,-3.2819739752777592,-30.27765324466466,26.23836643792986
2002-03-29,45.693748848442944,-3.3607217268824168,-29.958914224010204,26.83885532712036
2002-03-30,46.15785710020956,-3.332459018683631,-30.58646755811717,27.435040151639495
2002-03-31,44.1789454589414,-1.8593947627909333,-31.497154197264685,28.187375605452747
2002-04-01,44.37809113765278,-2.6254553129057845,-31.50060696879206,30.982060570391216
2002-04-02,42.35923894233459,-1.5920306279575396,-31.039823869685062,32.24803515130177
2002-04-03,42.9485230389796,0.0349050220307765,-30.82773157225366,32.24200676802708
2002-04-04,42.14215627042917,-0.7558283480290399,-29.938074117164938,31.364260288872437
2002-04-05,43.0497719375452,-0.6395323869134245,-29.17492615781945,32.00553009850805
2002-04-06,43.72655994625593,-0.20664019172713727,-30.616016751771156,32.10798897653448
2002-04-07,43.85522775444267,0.8761789336308603,-31.019878754178247,31.9716040067294
2002-04-08,44.7611444172401,1.2941719930949398,-30.869419455371663,32.083995245781296
2002-04-09,44.994527149964874,1.915741711324019,-30.732286993033316,32.90983786859706
2002-04-10,45.252364434815,4.215126212709915,-30.233930564895623,33.36923261956321
2002-04-11,44.81234509641609,2.7561931172006835,-29.398424280042335,31.650073207456543
2002-04-12,46.467354007474405,2.9053485031487796,-27.57553564695209,32.08223577376742
2002-04-13,44.814249944842935,3.2507545163566793,-26.50396879488567,31.79358515536724
2002-04-14,43.94685966141114,4.352399298758121,-26.52284589312236,33.31299621105029
2002-04-15,42.737517502247236,3.2673926835730764,-26.21308539384604,33.630883045437514
2002-04-16,42.896230714113706,2.3269282515407115,-28.180358293099662,34.54511306380774
2002-04-17,43.69330233415379,1.2088087710873134,-26.936435499141144,34.837702538546054
2002-04-18,42.233965665998156,2.77951180044786,-26.592941460507074,35.344502505122286
2002-04-19,40.59688240980925,3.502512514040142,-27.158393191483558,36.28811851432131
2002-04-20,41.50658839190892,3.2899774450606065,-27.648806299343377,36.122951884314624
2002-04-21,42.77934473719281,3.0901729633487363,-27.83672955350958,35.976684183655806
2002-04-22,44.05376060276259,2.890725384943148,-28.928019492364744,36.28821889205484
2002-04-23,43.39455730478459,4.7791474674060295,-27.611867360240282,33.93622092263173
2002-04-24,43.01362815679329,4.335530930471503,-28.329893524121974,34.08170649282868
2002-04-25,44.971446651659036,1.5987198446019524,-27.438210888651522,33.78386298180498
2002-04-26,44.679530874338944,2.521042500489691,-28.573155714629262,33.46865410783358
2002-04-27,44.00112703601144,1.764605930882165,-29.026228540073262,33.11484567410755
2002-04-28,44.74258663637412,0.99177167305213,-30.78026823860765,32.90667363151877
2002-04-29,44.482751750087616,2.281758356342674,-30.779594942273093,34.416972203392085
2002-04-30,44.70250191472174,1.5011708318940942,-31.680180898092534,35.64045336546621
2002-05-01,45.25340222053933,0.4206310285075896,-31.449256453642203,34.94943400017572
2002-05-02,45.38358543159107,1.3266303862180409,-30.17315679057214,34.79330125250316
2002-05-03,44.18676540145019,1.324377405384515,-29.834037726591188,34.8322399331839
2002-05-04,44.35560381645489,1.5329055044639346,-31.44712372225184,35.87998902102503
2002-05-05,44.95653981687572,0.7403234827344515,-32.408686050913246,35.77718585482649
2002-05-06,45.13700620418748,0.896701987391518,-32.13448104037089,35.710253874171066
2002-05-07,45.3370461249248,0.8035350861087571,-31.198892515886055,36.99636451654489
2002-05-08,45.63603836758053,3.7320528527134513,-29.897314990891534,37.270368530756066
2002-05-09,45.529299265202916,3.5303804667412892,-29.36285002195504,37.77854278119246
2002-05-10,43.60240040975662,3.162937643605215,-28.62927339037116,36.452290783095144
2002-05-11,43.272467233759926,2.8745415235473253,-28.752291755369598,35.849300353877254
2002-05-12,44.966197841097944,3.919413983821773,-29.182072177702086,38.25225737511326
2002-05-13,46.14793911183197,2.822294379467004,-27.764385158097284,38.03673243163387
2002-05-14,45.94563325824376,4.845534041631383,-27.62983508441591,37.318468318637656
2002-05-15,45.681401099740974,4.44619248326812,-27.824781738341738,36.03845141429886
2002-05-16,46.31895860992439,6.569564594198881,-28.841590218545903,36.90993955781233
2002-05-17,45.13840460547474,5.1317744309031745,-30.5280780641852,37.433251029839674
2002-05-18,44.23565913379087,4.782910093407788,-30.114542623357863,36.81478824649641
2002-05-19,45.63307066993016,3.894054870305765,-29.79082443491861,36.29467506937841
2002-05-20,46.00837599317146,2.0003294922749237,-29.29407908496784,36.66774193973603
2002-05-21,46.59411307641611,2.710520133945758,-26.413620643945215,35.35762599754244
2002-05-22,46.37220848716671,2.5275531927532606,-26.610971091983338,33.8797180262238
2002-05-23,46.417937755750266,2.8031807726167464,-26.150621904805035,35.39183983660844
2002-05-24,47.380703981911225,2.787624979894419,-26.41546496971802,34.73314548971268
2002-05-25,47.19164173254746,3.3200460702545884,-25.60910786028829,34.39392495566222
2002-05-26,46.91656698689866,4.193704577512063,-25.844510960391244,35.53411209497629
2002-05-27,49.201714593844166,5.183276117872526,-24.84328663968331,36.52648704513815
2002-05-28,47.38908712952588,6.141492473665199,-26.488292858535424,36.24569761268748
2002-05-29,46.97716429313704,7.458768791752464,-27.286174137764558,36.790484776715395
2002-05-30,47.037738119219796,8.143282362182813,-25.916536156015447,35.30572153850886
2002-05-31,48.10344832832927,8.126843337529174,-26.64763223174248,34.65409894190926
2002-06-01,48.34141043664098,7.222312938715721,-26.790385629138044,35.36725921704586
2002-06-02,48.11731161431986,7.030829181865934,-26.863162685596496,36.42198315928013
2002-06-03,46.64405642324146,7.984645974818493,-26.334225379564135,37.02844020475551
2002-06-04,48.005545067717804,7.171318118501748,-25.492661742948272,35.800929470589864
2002-06-05,46.478068293796035,4.915225462240111,-24.593213062619814,36.09478612347392
2002-06-06,45.65066903425529,4.758996833244916,-23.286397325219042,36.72607627093257
2002-06-07,43.93146280183513,3.985396571264531,-23.104337185860494,37.14039496187975
2002-06-08,43.04648040443492,4.666951461524803,-22.334981709653473,37.71785614154402
2002-06-09,44.10553599832432,3.2743303434007593,-23.681267346750438,38.06765047030054
2002-06-10,43.77765894081063,3.769120669854772,-23.231977471475847,37.433656633450646
2002-06-11,43.90848253497152,2.921431763973689,-23.6363409467539,37.12482163205105
2002-06-12,43.30682559772215,4.500603236761901,-22.9642954753411,36.47943671002903
2002-06-13,43.20576519982356,6.271500567683846,-22.24442950606821,36.562797881687885
2002-06-14,42.91987571090891,7.385546720305827,-22.318167012291674,34.916045374670155
2002-06-15,44.73739322429041,7.693702360163484,-22.44317046822393,35.905080540450996
2002-06-16,42.96957893059272,7.776393680297841,-23.08401526482425,35.07009068495082
2002-06-17,42.75488459832238,7.732065710251041,-22.04391425613147,34.96608190214005
2002-06-18,43.24493703773985,8.492601995527163,-20.674974913497007,33.78669152030985
2002-06-19,40.0459490987039,8.505952374491999,-21.077975018336815,32.748225951856774
2002-06-20,39.131439595490676,10.161183313766319,-21.417564946953867,32.56100216392842
2002-06-21,38.68233433037395,9.635796520052816,-20.813034429977527,33.22984366233928
2002-06-22,39.54863185085001,8.253951568543286,-20.678506427995504,32.83330774759886
2002-06-23,39.38879001378225,8.619071211190477,-19.550205330924143,32.77263422087102
2002-06-24,39.60817180493284,7.7218934322145945,-19.1354184852137,32.33837232306754
2002-06-25,40.778552518563316,6.319171317410829,-19.99074547439373,32.25040404212468
2002-06-26,39.90370462745445,6.460021597106879,-19.145767273120043,33.73581109879321
2002-06-27,39.893120147966506,5.760625668482836,-17.665409056733516,34.53111587076538
2002-06-28,40.5661782879718,6.371172697085623,-18.308950960605987,34.120580136638665
2002-06-29,40.26312381838909,6.375263984806003,-18.174422117359292,33.675734137035235
2002-06-30,39.101888519284785,7.678061966313985,-16.90674361327959,32.292940712937636
2002-07-01,37.986944566472445,7.187484850684146,-16.646938417394352,30.993952290665984
2002-07-02,39.448343847953126,6.214718408703567,-17.360949890249664,32.16171297035969
2002-07-03,38.540682524435326,5.191230041512894,-17.499314823080283,33.438683173850755
2002-07-04,40.27971680268585,4.135640814263675,-18.10335672531727,34.076631141473534
2002-07-05,38.87007915562193,4.738268330969728,-18.648309317477533,34.259054754391755
2002-07-06,40.36245639625481,6.1165680973599725,-18.02291010692658,32.71534847063211
2002-07-07,40.79037196127314,7.629452934258515,-18.11129317735539,32.12166315632941
2002-07-08,41.27737497408369,7.2405516796631675,-17.86287860601661,32.68409203688468
2002-07-09,41.67155726895515,6.106510951172792,-17.951861018389753,32.643196737600256
2002-07-10,42.475662972657844,6.149881628829339,-18.17117411529833,31.501613736264098
2002-07-11,42.73269195219356,5.276051438668822,-18.88564421196974,31.469895038159322
2002-07-12,40.53084393389335,5.646705210663217,-20.498011861499695,30.239760205495333
2002-07-13,39.80073339458646,4.964407877464288,-20.277085533020767,29.97435991354545
2002-07-14,39.555996024697286,6.87410138327146,-20.67693608649059,27.85400313813233
2002-07-15,39.49385762830395,8.033937746288215,-19.436854017789464,27.039463299894827
2002-07-16,38.9252931403678,7.47406670371744,-18.785051353497714,28.673209287986815
2002-07-17,38.5526372664473,7.314785261974297,-18.507130713467454,27.101355995015393
2002-07-18,37.59168857039723,8.508676438606456,-17.374734458875174,26.70152726532871
2002-07-19,39.371727891279036,9.29066433604511,-16.80789776671917,27.089863886745782
2002-07-20,39.15629423375304,9.936634474475914,-16.087805300399005,27.493588469765864
2002-07-21,39.05641659929959,10.457234300654616,-15.620252736838703,28.623102545822213
2002-07-22,39.7682925423627,8.73759244847874,-16.31295427072429,27.728308923768417
2002-07-23,38.42688679865649,8.839096512895177,-16.838808736497118,28.454043020131817
2002-07-24,38.004784519465176,9.09738205640055,-15.706802566734597,27.578281474577018
2002-07-25,36.24357035812037,9.076857383265112,-16.480831650686152,29.788101958415886
2002-07-26,36.03860516390554,9.482259446590147,-16.10741550154929,30.60884751155227
2002-07-27,35.82144962531246,9.270903468520505,-16.665161011815364,31.744046719843688
2002-07-28,35.317516047803714,9.184285572396048,-17.005828122716604,31.41823945969507
2002-07-29,36.481162629333845,7.357111129395519,-15.580632125321069,30.648103433302683
2002-07-30,37.66431373961342,6.988727974955909,-15.229840684946536,30.258203080648236
2002-07-31,37.792674077651256,6.610763202612534,-16.397350670280424,30.747778672133894
2002-08-01,35.30458956738643,6.913624860200915,-15.43969178362662,30.967325829708287
2002-08-02,37.31399924823824,6.858366771676878,-13.57068937522042,29.49632881816185
2002-08-03,39.788597345180165,5.705470832428308,-13.384127366029277,27.74459288794457
2002-08-04,39.23682180456761,5.330107076714435,-13.023216873981328,26.847618593409283
2002-08-05,39.124565931694576,5.42063519768912,-12.588509742509167,27.63617695225742
2002-08-06,38.55028952662118,5.600281961883923,-11.893165436138188,28.361722898059806
2002-08-07,39.60221166303756,6.00494624075884,-11.847065085334966,29.505340322652597
2002-08-08,39.48442164720926,4.658112699385702,-11.140752162128987,29.958107193544226
2002-08-09,40.24852922812956,5.697973266384606,-11.67186017434574,30.722779314581775
2002-08-10,39.89546074930042,4.561099902773542,-10.440674443304015,30.180910276024292
2002-08-11,40.113594290122926,2.876536647965419,-9.699227861101644,30.34674134878324
2002-08-12,39.893305819390015,2.271424489261239,-9.764647846156418,29.85799590215328
2002-08-13,38.99787004722808,2.1370744991271677,-10.113344102540475,31.309880044840714
2002-08-14,36.40164895401546,1.863930363065841,-8.033961347102684,31.184943923164752
2002-08-15,36.01369965081956,4.093002936764852,-6.160412124469756,29.317215504971585
2002-08-16,35.78122797762378,4.988780428950423,-6.078119671348477,29.50037868081739
2002-08-17,35.43849690416442,5.598716833235433,-5.745585833719767,30.65606941436801
2002-08-18,34.84537559261218,5.24953414736317,-5.911208000516109,30.47910684307722
2002-08-19,34.67430436344401,5.032998612829368,-6.328009123500117,29.216877914606442
2002-08-20,34.3986637712168,5.110299510228144,-5.487932646068673,28.072941686672714
2002-08-21,34.46756850310352,5.601103681909413,-4.110208174052139,26.88505187764711
2002-08-22,34.74326445665164,5.124055504678774,-2.510826518739358,27.831830055497786
2002-08-23,34.87637862990218,4.845673756355477,-1.6277979415346775,28.49873525418362
2002-08-24,34.47430748846529,5.6579425743727265,-0.4845442540432052,27.43262595017314
2002-08-25,34.448105773434925,4.668564124823035,-2.038937326105059,25.94994169290799
2002-08-26,35.712898504687146,5.192578924458017,0.8663014482274427,28.464272165439912
2002-08-27,36.23296281942213,5.31103827337538,-1.375211107772198,27.914587187625056
2002-08-28,35.787059554206444,6.2424187114951435,-1.3280478025658937,27.495089027293538
2002-08-29,33.94999724303942,6.367835466907458,-1.2843388505951878,25.54623385770838
2002-08-30,33.63799155238275,5.835908956493516,-1.587213846357721,25.52447065361605
2002-08-31,35.693432504888214,5.906026652585059,-1.9165131378680798,25.936898043816445
2002-09-01,36.27297608136259,6.997056523340463,-1.5775036732861878,24.057997560999308
2002-09-02,36.2387406085783,6.557114505317593,-1.4176106305001008,24.283790506922607
2002-09-03,38.07117816858557,6.778665527359488,-1.4911553774714732,24.122455235938947
2002-09-04,37.93569685866704,7.336277020778201,-0.41052025349441035,23.80841075048914
2002-09-05,38.816422265843826,8.47457376933799,-0.4473772901533793,23.43859723391639
2002-09-06,38.96191445712851,9.615021849162702,0.47815097189631967,23.991244782125285
2002-09-07,38.204024889281555,8.727509259104899,0.541044370927512,24.76318656692064
2002-09-08,38.98721440425775,8.70729072001542,1.8214598703009215,25.333020075703633
2002-09-09,39.72487344594162,7.951347981926864,0.5986139294325257,24.726156690306528
2002-09-10,40.1629828287258,6.29015571690783,-1.2480831502059582,24.36604557454478
2002-09-11,40.727397400673894,4.308886275525048,-0.9903806576873095,24.268405171583606
2002-09-12,40.94108863573984,4.687361697043896,-1.2665725751291648,23.989183305740713
2002-09-13,41.067958395456486,5.344675053863778,-3.0394160598966486,24.87565125446668
2002-09-14,40.7487516419343,5.8985857828698425,-3.6377917982957078,24.497147656662897
2002-09-15,42.12086206457364,4.876717704505598,-4.5939238259383455,24.40605027838172
2002-09-16,39.61058237025596,4.914932712711999,-5.357219284105067,21.803392577465868
2002-09-17,39.79213790224298,5.853510777670339,-3.91691381279767,22.668154419740592
2002-09-18,40.864678108639495,5.570689176971248,-4.347167554587117,25.425639770399325
2002-09-19,40.54590339253694,5.919184921841363,-4.985849254494602,25.464040064558564
2002-09-20,40.55940907622268,5.434090401608991,-4.119355830188013,25.920502104778112
2002-09-21,40.5860997046893,4.600277555664587,-3.1035597587147907,24.831432651115644
2002-09-22,39.821699858463006,5.654311660859843,-1.4094738028678977,26.09796356027983
2002-09-23,38.53924323922616,5.971827747070476,-0.43451748451168537,26.53816198740804
2002-09-24,38.78111928135397,6.633664987808618,-1.7290802973300576,24.818731646695245
2002-09-25,38.94384802420455,5.139329370512831,-2.0088824790836846,23.752682464139543
2002-09-26,38.8419632326506,4.517090789123259,-2.641140277848644,23.89706015882945
